Sepal.Length;Petal.Length
1;5.0078431372549;1.4921568627451
2;5.87413793103448;4.39310344827586
3;6.8390243902439;5.6780487804878
