cluster;x;y
1;0.0478431372549;0.3221568627451
2;1.01413793103448;1.00310344827586
3;0.8890243902439;0.9280487804878
