cluster;x;y
1;0.20078431372549;0.20021568627451
2;1.07413793103448;0.90310344827586
