component;eigenvalue
x;0.729624454
y;0.408507618
z;0.228507618